fecha,area_km2,almacenamiento_hm3,pct_llenado
2013-03-22,295.70962959469387,2711.36,69.33
2013-06-28,52.476958769673914,2392.5,61.18
2013-07-23,275.62108736295863,2386.84,61.03
2013-07-30,264.37316783407266,2386.84,61.03
2013-08-08,281.6504093860763,2350.02,60.09
2013-08-15,241.5329057809647,2352.85,60.16
2013-08-31,76.81100045604033,2352.85,60.16
2013-10-02,366.2799320239312,4264.65,109.05
2013-11-03,364.8696146225785,3926.6,100.41
2013-11-28,336.1752625126376,3974.32,101.63
2013-12-05,368.6300114581611,3986.25,101.93
2014-01-15,353.5877823411849,4037.95,103.25
2014-01-22,378.2148075207982,4037.95,103.25
2014-01-31,331.1162768660767,4037.95,103.25
2014-02-16,362.63620687377585,4037.95,103.25
2014-04-28,104.73044453855148,4053.86,103.66
2014-05-07,727.9685354743581,4053.86,103.66
2014-06-15,279.20301676871884,3839.1,98.17
2014-07-26,329.15317576038086,3847.06,98.37
2014-08-11,333.41437212477774,3803.31,97.25
2014-08-27,335.45279411118076,3767.52,96.34
2014-10-05,380.3996067381023,4129.42,105.59
2014-10-14,354.84498622660396,4057.83,103.76
2014-11-15,269.01456237181395,3974.32,101.63
2015-02-19,307.7787013315462,3930.57,100.51
2015-02-26,367.1713335202819,3910.69,100.0
2015-03-30,367.4607364899472,3990.23,102.03
2015-07-13,353.83396666761575,3922.62,100.31
2015-07-29,342.91090852630555,3858.99,98.68
2015-08-14,331.70724511184574,3839.1,98.17
2015-09-06,320.86503815634404,3799.32,97.15
2015-09-22,362.2398888620601,3855.01,98.58
2015-10-01,276.61307070691106,3862.96,98.78
2015-11-02,239.0637150783464,3910.69,100.0
2015-12-27,370.0069418418269,3886.826,99.39
2016-01-21,321.13650694882824,3819.22,97.66
2016-01-28,213.1977853015204,3819.22,97.66
2016-02-06,268.8148583454968,3807.29,97.36
2016-02-13,362.6639504842767,3799.32,97.15
2016-02-22,327.1430926772809,3795.35,97.05
2016-02-29,365.4920507423111,3767.52,96.34
2016-04-01,240.47982217303496,3676.324,94.01
2016-06-04,336.40941868035947,3539.02,90.5
2016-06-13,314.4009408721961,3553.86,90.88
2016-06-29,323.28381794391885,3557.57,90.97
2016-07-15,328.1917970539588,3524.17,90.12
2016-09-08,307.1445478306849,3498.2,89.45
2016-09-24,332.56934634542296,3498.2,89.45
2016-10-26,341.618484331276,3676.324,94.01
2016-11-20,293.4448470898557,3731.99,95.43
2016-11-27,353.8032369951086,3739.68,95.63
2016-12-13,355.3830572672644,3731.99,95.43
2016-12-22,304.61555959186296,3706.01,94.77
2017-01-23,333.3046445319645,3572.42,91.35
2017-01-30,295.05551232532054,3535.306,90.4
2017-02-08,297.8933696053367,3524.17,90.12
2017-02-24,334.2469995002069,3509.33,89.74
2017-03-19,346.59138888751875,3446.24,88.12
2017-03-28,320.4943925123587,3390.58,86.7
2017-04-20,312.89282520431124,3257.31,83.29
2017-04-29,302.1143429295938,3208.85,82.05
2017-06-16,315.91878006730775,3073.88,78.6
2017-06-23,322.06094289657113,3056.57,78.16
2017-07-18,299.2006461619068,3039.266,77.72
2017-08-03,303.485557288643,3002.33,76.77
2017-08-19,305.24884416862614,2973.24,76.03
2017-08-26,179.57870067373716,2970.0,75.95
2017-09-20,305.471592923349,2970.0,75.95
2017-10-29,327.0988269254841,3305.76,84.53
2017-11-07,303.7864454910347,3312.69,84.71
2017-11-23,310.93489821922446,3309.22,84.62
2017-11-30,321.5892457332511,3305.76,84.53
2017-12-09,183.43142638557032,3288.46,84.09
2018-01-10,305.7169811371692,3170.78,81.08
2018-02-18,308.63089599552495,3098.103,79.22
2018-03-31,292.14892288491006,2986.17,76.36
2018-04-07,317.1353896130432,2947.37,75.37
2018-04-16,305.44629940503705,2892.413,73.96
2018-05-18,309.71205479857974,2837.452,72.56
2018-06-03,296.4125692728868,2795.42,71.48
2018-07-21,286.56997725686585,2714.6,69.41
2018-07-28,128.67177797486525,2701.67,69.08
2018-08-13,207.0707992309956,2667.96,68.22
2018-10-09,306.014285315969,2979.7,76.19
2018-12-19,296.70152247236706,3174.25,81.17
2019-01-20,314.0035316881545,3056.57,78.16
2019-01-29,294.2838113771574,3025.42,77.36
2019-02-14,296.65062498775427,3008.8,76.94
2019-02-21,247.67761158913643,3005.57,76.86
2019-03-09,315.04884216761576,2986.17,76.36
2019-04-19,284.7604562905779,2814.82,71.98
2019-04-26,113.87557676790938,2769.559,70.82
2019-05-21,299.88223598631794,2640.71,67.53
2019-07-08,292.4954577481944,2598.34,66.44
2019-08-09,282.5985170068229,2537.796,64.89
2019-08-16,270.59786985483396,2516.61,64.35
2019-09-17,281.8486392989787,2528.715,64.66
2019-10-28,265.4762145638344,2528.715,64.66
2019-11-04,291.8637858489258,2522.66,64.51
2019-11-20,270.7678564871192,2516.61,64.35
2019-12-15,255.2758571212833,2504.499,64.04
2019-12-22,225.0295536758509,2474.23,63.27
2020-02-24,262.8155084112908,2282.052,58.35
2020-03-11,254.61598644906584,2219.75,56.76
2020-03-27,271.82344327120364,2163.11,55.31
2020-04-12,196.20624991129057,2085.52,53.33
2020-05-07,240.9088956621776,1961.35,50.15
2020-05-23,252.66369812976384,1892.66,48.4
2020-06-08,257.0611793896137,1937.57,49.55
2020-06-15,190.37452076834597,1969.27,50.36
2020-07-10,259.45010345593596,2000.98,51.17
2020-09-19,261.99961429205206,2082.88,53.26
2020-10-05,232.73721648669385,2140.45,54.73
2020-10-30,148.99582320523655,2134.79,54.59
2020-12-01,218.70520285366285,2109.3,53.94
2020-12-08,253.19587779404728,2072.31,52.99
2021-01-25,242.64433805972493,1845.1,47.18
2021-02-03,238.03160020694816,1835.28,46.93
2021-02-10,229.52071927631025,1835.28,46.93
2021-02-19,249.92007771958248,1835.28,46.93
2021-02-26,153.46511104446208,1823.01,46.62
2021-03-14,242.81213307073975,1796.0,45.93
2021-04-08,227.14249147906497,1668.34,42.66
2021-06-11,219.55944921704105,1445.17,36.95
2021-07-20,46.64302781866216,1474.69,37.71
2021-09-06,220.73525553538127,1461.07,37.36
2021-10-08,101.58574417369528,1490.59,38.12
2021-10-17,147.45533378552247,1490.59,38.12
2021-11-11,176.777455008026,1497.41,38.29
2021-11-18,186.4532328677471,1501.95,38.41
2021-12-04,162.80159299462892,1486.05,38.0
2021-12-12,201.63993269335936,1483.78,37.94
2021-12-27,221.2313268524893,1429.28,36.55
2021-12-28,180.29329624780632,1422.46,36.37
2022-01-04,219.63896982429893,1388.4,35.5
2022-01-05,193.98019852264403,1383.85,35.39
2022-01-13,206.29468168621827,1351.0,34.55
2022-01-29,201.169670166687,1282.2,32.79
2022-02-21,189.90761800966268,1271.45,32.51
2022-02-22,177.3317439619581,1269.3,32.46
2022-03-01,185.59719855340575,1252.93,32.04
2022-03-17,189.1456101488456,1196.59,30.6
2022-03-25,194.42042662817383,1168.42,29.88
2022-04-11,189.28481223486327,1094.54,27.99
2022-05-05,168.8747781619873,982.784,25.13
2022-05-13,176.68660918676758,944.532,24.15
2022-05-21,171.95249278961182,901.236,23.05
2022-05-28,47.99761724554443,867.378,22.18
2022-05-29,167.814652890625,864.174,22.1
2022-06-05,95.49175583996582,841.746,21.52
2022-06-06,154.80848975592042,841.746,21.52
2022-07-24,154.63834810040282,791.058,20.23
2022-07-31,53.678510876403806,787.982,20.15
2022-08-01,149.0170963083532,786.444,20.11
2022-08-17,152.44780988879396,774.14,19.8
2022-09-10,121.52963907177806,851.358,21.77
2022-09-25,155.26341707979665,899.432,23.0
2022-10-20,132.9675474634974,919.276,23.51
2022-10-27,146.02729093337763,926.492,23.69
2022-11-04,163.65001206390022,924.688,23.65
2022-11-29,140.4181240490687,912.06,23.32
2022-12-06,157.92744219434022,913.864,23.37
2022-12-14,118.01545882867862,912.06,23.32
2022-12-15,138.34736562255503,912.06,23.32
2022-12-22,137.561568436955,906.648,23.18
2022-12-30,141.02526796337534,899.432,23.0
2023-01-07,163.14650703008675,886.804,22.68
2023-01-15,164.4025512677002,851.358,21.77
2023-01-16,155.6065016036377,843.348,21.57
2023-02-16,145.6860011196289,741.842,18.97
2023-03-04,140.43029688256837,683.12,17.47
2023-03-05,112.68700733117676,672.648,17.2
2023-03-12,139.48182565380858,645.016,16.49
2023-03-21,125.8793094352417,605.46,15.48
2023-04-29,48.58481939592381,476.36,12.18
2023-04-30,113.79059233066933,472.69,12.09
2023-05-08,104.11578487408448,455.8,11.66
2023-05-15,109.32233037045924,439.3,11.23
2023-06-09,112.69280431228556,503.288,12.87
2023-06-16,117.93053501213952,502.06,12.84
2023-06-17,119.32514744946288,500.84,12.81
2023-06-24,111.12948306935604,494.72,12.65
2023-06-25,116.12243576755756,492.27,12.59
2023-07-03,116.538360611084,484.928,12.4
2023-07-11,115.1324734690516,476.36,12.18
2023-08-11,99.2115721883545,443.7,11.35
2023-08-28,80.37527642693733,434.9,11.12
2023-09-05,105.21574824395393,429.4,10.98
2023-09-12,104.11059811828254,422.8,10.81
2023-09-13,100.93831568133186,422.8,10.81
2023-09-20,101.99578529693244,421.7,10.78
2023-09-21,66.06123714355469,421.7,10.78
2023-09-28,74.93504551903938,415.1,10.61
2023-10-22,99.29547418212532,401.98,10.28
2023-11-07,94.77120151794074,394.84,10.1
2023-12-09,91.4214799371302,390.76,9.99
2023-12-10,96.6941999756434,389.74,9.97
2023-12-17,66.07216377672981,389.74,9.97
2023-12-18,64.77776204418586,389.74,9.97
2024-01-27,90.34233823883056,377.5,9.65
2024-02-03,84.89469562371826,373.42,9.55
2024-02-04,81.76830482733155,373.42,9.55
2024-02-20,83.4084954954834,369.34,9.44
2024-02-27,89.39909923480225,365.26,9.34
2024-03-14,78.48281062908936,358.12,9.16
2024-03-22,84.63077467437743,361.18,9.24
2024-03-30,79.31030290270996,356.08,9.11
2024-03-31,84.25268127929688,355.06,9.08
2024-04-08,74.7500069981079,349.36,8.93
2024-05-02,67.43563733782959,335.28,8.57
2024-05-09,82.40782331585693,331.76,8.48
2024-05-25,48.038483342693254,321.2,8.21
2024-05-26,80.38267197788612,320.32,8.19
2024-06-02,74.10569107242958,315.04,8.06
2024-06-03,79.15321002317421,315.04,8.06
2024-06-11,74.48093277215577,308.88,7.9
2024-06-26,137.3336288285216,1145.52,29.29
2024-07-04,220.24303462564336,1631.52,41.72
2024-07-05,214.36250110131837,1660.97,42.47
2024-07-21,221.53325404613156,1837.74,46.99
2024-08-05,226.81304462970783,2037.97,52.11
2024-08-14,232.0168079327098,2064.39,52.79
2024-08-21,234.43754832284628,2074.95,53.06
2024-08-29,234.04434488902848,2080.24,53.19
2024-08-30,233.71294980926825,2080.24,53.19
2024-09-22,248.1113088499495,2422.77,61.95
2024-09-30,260.6478313915334,2562.01,65.51
2024-10-08,265.44856772997906,2601.36,66.52
2024-10-09,263.66910464352907,2607.42,66.67
2024-11-17,268.57254273441276,2701.67,69.08
2024-11-18,273.93559092687195,2698.43,69.0
2024-11-25,273.3921034987491,2698.43,69.0
2024-12-12,224.8392368595459,2695.2,68.92
2024-12-28,276.01759793728985,2686.12,68.69
2025-01-04,278.4240695811332,2661.9,68.07
2025-01-05,252.2289635567627,2658.88,67.99
2025-03-01,277.0275265183484,2531.74,64.74
2025-03-09,274.42728270039515,2507.53,64.12
2025-03-10,274.11208234808515,2495.42,63.81
2025-03-17,271.8566214846955,2471.2,63.19
2025-03-18,272.60631018484963,2468.18,63.11
2025-03-25,271.48715843300926,2431.85,62.18
2025-04-03,268.6175412935133,2416.72,61.8
2025-04-10,269.3759080504952,2369.84,60.6
2025-04-11,268.58824631889456,2369.84,60.6
