fecha,area_km2
2013-03-22,295.70962959469387
2013-06-28,52.476958769673914
2013-07-23,275.62108736295863
2013-07-30,264.37316783407266
2013-08-08,281.6504093860763
2013-08-15,241.5329057809647
2013-08-31,76.81100045604033
2013-10-02,366.2799320239312
2013-11-03,364.8696146225785
2013-11-28,336.1752625126376
2013-12-05,368.6300114581611
2014-01-15,353.5877823411849
2014-01-22,378.2148075207982
2014-01-31,331.1162768660767
2014-02-16,362.63620687377585
2014-04-28,104.73044453855148
2014-05-07,727.9685354743581
2014-06-15,279.20301676871884
2014-07-26,329.15317576038086
2014-08-11,333.41437212477774
2014-08-27,335.45279411118076
2014-10-05,380.3996067381023
2014-10-14,354.84498622660396
2014-11-15,269.01456237181395
2015-02-19,307.7787013315462
2015-02-26,367.1713335202819
2015-03-30,367.4607364899472
2015-07-13,353.83396666761575
2015-07-29,342.91090852630555
2015-08-14,331.70724511184574
2015-09-06,320.86503815634404
2015-09-22,362.2398888620601
2015-10-01,276.61307070691106
2015-11-02,239.0637150783464
2015-12-27,370.0069418418269
2016-01-21,321.13650694882824
2016-01-28,213.1977853015204
2016-02-06,268.8148583454968
2016-02-13,362.6639504842767
2016-02-22,327.1430926772809
2016-02-29,365.4920507423111
2016-04-01,240.47982217303496
2016-06-04,336.40941868035947
2016-06-13,314.4009408721961
2016-06-29,323.28381794391885
2016-07-15,328.1917970539588
2016-09-08,307.1445478306849
2016-09-24,332.56934634542296
2016-10-26,341.618484331276
2016-11-20,293.4448470898557
2016-11-27,353.8032369951086
2016-12-13,355.3830572672644
2016-12-22,304.61555959186296
2017-01-23,333.3046445319645
2017-01-30,295.05551232532054
2017-02-08,297.8933696053367
2017-02-24,334.2469995002069
2017-03-19,346.59138888751875
2017-03-28,320.4943925123587
2017-04-20,312.89282520431124
2017-04-29,302.1143429295938
2017-06-16,315.91878006730775
2017-06-23,322.06094289657113
2017-07-18,299.2006461619068
2017-08-03,303.485557288643
2017-08-19,305.24884416862614
2017-08-26,179.57870067373716
2017-09-20,305.471592923349
2017-10-29,327.0988269254841
2017-11-07,303.7864454910347
2017-11-23,310.93489821922446
2017-11-30,321.5892457332511
2017-12-09,183.43142638557032
2018-01-10,305.7169811371692
2018-02-18,308.63089599552495
2018-03-31,292.14892288491006
2018-04-07,317.1353896130432
2018-04-16,305.44629940503705
2018-05-18,309.71205479857974
2018-06-03,296.4125692728868
2018-07-21,286.56997725686585
2018-07-28,128.67177797486525
2018-08-13,207.0707992309956
2018-10-09,306.014285315969
2018-12-19,296.70152247236706
2019-01-20,314.0035316881545
2019-01-29,294.2838113771574
2019-02-14,296.65062498775427
2019-02-21,247.67761158913643
2019-03-09,315.04884216761576
2019-04-19,284.7604562905779
2019-04-26,113.87557676790938
2019-05-21,299.88223598631794
2019-07-08,292.4954577481944
2019-08-09,282.5985170068229
2019-08-16,270.59786985483396
2019-09-17,281.8486392989787
2019-10-28,265.4762145638344
2019-11-04,291.8637858489258
2019-11-20,270.7678564871192
2019-12-15,255.2758571212833
2019-12-22,225.0295536758509
2020-02-24,262.8155084112908
2020-03-11,254.61598644906584
2020-03-27,271.82344327120364
2020-04-12,196.20624991129057
2020-05-07,240.9088956621776
2020-05-23,252.66369812976384
2020-06-08,257.0611793896137
2020-06-15,190.37452076834597
2020-07-10,259.45010345593596
2020-09-19,261.99961429205206
2020-10-05,232.73721648669385
2020-10-30,148.99582320523655
2020-12-01,218.70520285366285
2020-12-08,253.19587779404728
2021-01-25,242.64433805972493
2021-02-03,238.03160020694816
2021-02-10,229.52071927631025
2021-02-19,249.92007771958248
2021-02-26,153.46511104446208
2021-03-14,242.81213307073975
2021-04-08,227.14249147906497
2021-06-11,219.55944921704105
2021-07-20,46.64302781866216
2021-09-06,220.73525553538127
2021-10-08,101.58574417369528
2021-10-17,147.45533378552247
2021-11-11,176.777455008026
2021-11-18,186.4532328677471
2021-12-04,162.80159299462892
2021-12-12,201.63993269335936
2021-12-27,221.2313268524893
2021-12-28,180.29329624780632
2022-01-04,219.63896982429893
2022-01-05,193.98019852264403
2022-01-13,206.29468168621827
2022-01-29,201.169670166687
2022-02-21,189.90761800966268
2022-02-22,177.3317439619581
2022-03-01,185.59719855340575
2022-03-17,189.1456101488456
2022-03-25,194.42042662817383
2022-04-11,189.28481223486327
2022-05-05,168.8747781619873
2022-05-13,176.68660918676758
2022-05-21,171.95249278961182
2022-05-28,47.99761724554443
2022-05-29,167.814652890625
2022-06-05,95.49175583996582
2022-06-06,154.80848975592042
2022-07-24,154.63834810040282
2022-07-31,53.678510876403806
2022-08-01,149.0170963083532
2022-08-17,152.44780988879396
2022-09-10,121.52963907177806
2022-09-25,155.26341707979665
2022-10-20,132.9675474634974
2022-10-27,146.02729093337763
2022-11-04,163.65001206390022
2022-11-29,140.4181240490687
2022-12-06,157.92744219434022
2022-12-14,118.01545882867862
2022-12-15,138.34736562255503
2022-12-22,137.561568436955
2022-12-30,141.02526796337534
2023-01-07,163.14650703008675
2023-01-15,164.4025512677002
2023-01-16,155.6065016036377
2023-02-16,145.6860011196289
2023-03-04,140.43029688256837
2023-03-05,112.68700733117676
2023-03-12,139.48182565380858
2023-03-21,125.8793094352417
2023-04-29,48.58481939592381
2023-04-30,113.79059233066933
2023-05-08,104.11578487408448
2023-05-15,109.32233037045924
2023-06-09,112.69280431228556
2023-06-16,117.93053501213952
2023-06-17,119.32514744946288
2023-06-24,111.12948306935604
2023-06-25,116.12243576755756
2023-07-03,116.538360611084
2023-07-11,115.1324734690516
2023-08-11,99.2115721883545
2023-08-28,80.37527642693733
2023-09-05,105.21574824395393
2023-09-12,104.11059811828254
2023-09-13,100.93831568133186
2023-09-20,101.99578529693244
2023-09-21,66.06123714355469
2023-09-28,74.93504551903938
2023-10-22,99.29547418212532
2023-11-07,94.77120151794074
2023-12-09,91.4214799371302
2023-12-10,96.6941999756434
2023-12-17,66.07216377672981
2023-12-18,64.77776204418586
2024-01-27,90.34233823883056
2024-02-03,84.89469562371826
2024-02-04,81.76830482733155
2024-02-20,83.4084954954834
2024-02-27,89.39909923480225
2024-03-14,78.48281062908936
2024-03-22,84.63077467437743
2024-03-30,79.31030290270996
2024-03-31,84.25268127929688
2024-04-08,74.7500069981079
2024-05-02,67.43563733782959
2024-05-09,82.40782331585693
2024-05-25,48.038483342693254
2024-05-26,80.38267197788612
2024-06-02,74.10569107242958
2024-06-03,79.15321002317421
2024-06-11,74.48093277215577
2024-06-26,137.3336288285216
2024-07-04,220.24303462564336
2024-07-05,214.36250110131837
2024-07-21,221.53325404613156
2024-08-05,226.81304462970783
2024-08-14,232.0168079327098
2024-08-21,234.43754832284628
2024-08-29,234.04434488902848
2024-08-30,233.71294980926825
2024-09-22,248.1113088499495
2024-09-30,260.6478313915334
2024-10-08,265.44856772997906
2024-10-09,263.66910464352907
2024-11-17,268.57254273441276
2024-11-18,273.93559092687195
2024-11-25,273.3921034987491
2024-12-12,224.8392368595459
2024-12-28,276.01759793728985
2025-01-04,278.4240695811332
2025-01-05,252.2289635567627
2025-03-01,277.0275265183484
2025-03-09,274.42728270039515
2025-03-10,274.11208234808515
2025-03-17,271.8566214846955
2025-03-18,272.60631018484963
2025-03-25,271.48715843300926
2025-04-03,268.6175412935133
2025-04-10,269.3759080504952
2025-04-11,268.58824631889456
2025-04-27,264.8317266876805
2025-05-13,262.6401164494572
2025-05-20,133.8870741730955
2025-07-16,237.43723027930767
2025-07-23,134.42733090902126
2025-07-24,262.07234507110167
2025-07-31,255.34245596397443
2025-08-01,254.60371797933615
2025-08-08,112.03254320321643
2025-08-09,263.3684747049831
2025-08-16,252.11829803234815
2025-08-17,262.13966671112087
